Workbook

Sheet Employee_Data
A1: Emp ID | B1: Name | C1: Department | D1: Salary | E1: Sales | F1: Attendance % | G1: Experience | H1: Rating | I1: Target | J1: Status | K1: Q1 | L1: Q2 | M1: Q3 | N1: Q4 | O1: Q5 | P1: Q6 | Q1: Q7 | R1: Q8 | S1: Q9 | T1: Q10 | U1: Q11 | V1: Q12 | W1: Q13 | X1: Q14 | Y1: Q15 | Z1: Q16 | AA1: Q17 | AB1: Q18 | AC1: Q19 | AD1: Q20 | AE1: Q21 | AF1: Q22 | AG1: Q23 | AH1: Q24 | AI1: Q25 | AJ1: Q26 | AK1: Q27 | AL1: Q28 | AM1: Q29 | AN1: Q30
A2: E020 | B2: Ali | C2: Marketing | D2: 5051 | E2: 137000 | F2: 71 | G2: 7 | H2: 2 | I2: No | J2: Inactive | K2: =IF(D2>8000,"High","Low") -> Low | L2: =IF(F2>=95,"Excellent","Needs Improvement") -> Needs Improvement | M2: =IF(J2="Active","Working","Not Working") -> Not Working | N2: =IF(E2>100000,"Bonus","No Bonus") -> Bonus | O2: =IF(G2>=5,"Senior","Junior") -> Senior | P2: =IF(H2=5,"Outstanding","Normal") -> Normal | Q2: =IF(I2="Yes","Achieved","Not Achieved") -> Not Achieved | R2: =IF(C2="Sales","Sales Team","Other Team") -> Other Team | S2: =IF(D2<7000,"Increase Needed","OK") -> Increase Needed | T2: =IF(Employee_Data!F2<85,"Warning","Good") -> Warning | U2: =IF(D2>=12000,"Excellent",IF(D2>=9000,"Good","Average")) -> Average | V2: =IF(F2>=95,"Excellent",IF(F2>=90,"Good","Poor")) -> Poor | W2: =IF(H2=5,"Outstanding",IF(H2=4,"Very Good",IF(H2=3,"Good","Needs Improvement"))) -> Needs Improvement | X2: =IF(G2>=10,"Exper",IF(G2>=5,"Experienced","Beginner")) -> Experienced | Y2: =IF(E2>=150000,"Platinum",IF(E2>=100000,"Gold","Silver")) -> Gold | Z2: =IF(D2>=13000,"A",IF(D2>=10000,"B",IF(D2>=7000,"C","D"))) -> D | AA2: =IF(F2>=95,"Perfect",IF(F2>=90,"Good",IF(F2>=80,"Fair","Poor"))) -> Poor | AB2: =IF(G2>=8,"Expert",IF(G2>=5,"Senior",IF(G2>=2,"Mid","Junior"))) -> Senior | AC2: =IF(H2>=5,"Excellent",IF(H2>=4,"Good",IF(H2>=2,"Average","Poor"))) -> Average | AD2: =IF(E2>=180000,"Top",IF(E2>=120000,"Best",IF(E2>=80000,"Good","Low"))) -> Best | AE2: {=_xlfn.IFS(AND(D2>9000, F2>95), "Eligible Bonus", TRUE, "Not Eligible")} -> Not Eligible | AF2: {=IFERROR(_xlfn.IFS(AND(C2="Sales", E2>120000), "Top Sales"),"- ")} -> - | AG2: {=IFERROR(_xlfn.IFS(AND(G2>5, H2>=4), "Promotion"),"- ")} -> - | AH2: {=IFERROR(_xlfn.IFS(OR(D2>7000, F2>85), "Review Required")," - ")} -> - | AI2: {=IFERROR(_xlfn.IFS(OR(J2="Inactive", F2>80), "HR Action")," - ")} -> HR Action | AJ2: {=IFERROR(_xlfn.IFS(D2>=12000,"High",D2>=9000,"Medium"),"Low " )} -> Low | AK2: {=IFERROR(_xlfn.IFS(F2>=95,"Excellent",F2>=90,"Good"),"Poor" )} -> Poor | AL2: {=IFERROR(_xlfn.IFS(AND(C2="IT", H2=5,F2>=90), "IT Star"), "- ")} -> - | AM2: {=IFERROR(_xlfn.IFS(OR(C2="Finance",C2="HR"),"Administration")," - ")} -> - | AN2: {=IFERROR(_xlfn.IFS(AND(E2>100000,I2="Yes", H2>=4), " Employee of Month"),"- ")} -> -
A3: E041 | B3: Karim | C3: Sales | D3: 5102 | E3: 54000 | F3: 72 | G3: 1 | H3: 3 | I3: Yes | J3: Inactive | K3: =IF(D3>8000,"High","Low") -> Low | L3: =IF(F3>=95,"Excellent","Needs Improvement") -> Needs Improvement | M3: =IF(J3="Active","Working","Not Working") -> Not Working | N3: =IF(E3>100000,"Bonus","No Bonus") -> No Bonus | O3: =IF(G3>=5,"Senior","Junior") -> Junior | P3: =IF(H3=5,"Outstanding","Normal") -> Normal | Q3: =IF(I3="Yes","Achieved","Not Achieved") -> Achieved | R3: =IF(C3="Sales","Sales Team","Other Team") -> Sales Team | S3: =IF(D3<7000,"Increase Needed","OK") -> Increase Needed | T3: =IF(Employee_Data!F3<85,"Warning","Good") -> Warning | U3: =IF(D3>=12000,"Excellent",IF(D3>=9000,"Good","Average")) -> Average | V3: =IF(F3>=95,"Excellent",IF(F3>=90,"Good","Poor")) -> Poor | W3: =IF(H3=5,"Outstanding",IF(H3=4,"Very Good",IF(H3=3,"Good","Needs Improvement"))) -> Good | X3: =IF(G3>=10,"Exper",IF(G3>=5,"Experienced","Beginner")) -> Beginner | Y3: =IF(E3>=150000,"Platinum",IF(E3>=100000,"Gold","Silver")) -> Silver | Z3: =IF(D3>=13000,"A",IF(D3>=10000,"B",IF(D3>=7000,"C","D"))) -> D | AA3: =IF(F3>=95,"Perfect",IF(F3>=90,"Good",IF(F3>=80,"Fair","Poor"))) -> Poor | AB3: =IF(G3>=8,"Expert",IF(G3>=5,"Senior",IF(G3>=2,"Mid","Junior"))) -> Junior | AC3: =IF(H3>=5,"Excellent",IF(H3>=4,"Good",IF(H3>=2,"Average","Poor"))) -> Average | AD3: =IF(E3>=180000,"Top",IF(E3>=120000,"Best",IF(E3>=80000,"Good","Low"))) -> Low | AE3: {=_xlfn.IFS(AND(D3>9000, F3>95), "Eligible Bonus", TRUE, "Not Eligible")} -> Not Eligible | AF3: {=IFERROR(_xlfn.IFS(AND(C3="Sales", E3>120000), "Top Sales"),"- ")} -> - | AG3: {=IFERROR(_xlfn.IFS(AND(G3>5, H3>=4), "Promotion"),"- ")} -> - | AH3: {=IFERROR(_xlfn.IFS(OR(D3>7000, F3>85), "Review Required")," - ")} -> - | AI3: {=IFERROR(_xlfn.IFS(OR(J3="Inactive", F3>80), "HR Action")," - ")} -> HR Action | AJ3: {=IFERROR(_xlfn.IFS(D3>=12000,"High",D3>=9000,"Medium"),"Low " )} -> Low | AK3: {=IFERROR(_xlfn.IFS(F3>=95,"Excellent",F3>=90,"Good"),"Poor" )} -> Poor | AL3: {=IFERROR(_xlfn.IFS(AND(C3="IT", H3=5,F3>=90), "IT Star"), "- ")} -> - | AM3: {=IFERROR(_xlfn.IFS(OR(C3="Finance",C3="HR"),"Administration")," - ")} -> - | AN3: {=IFERROR(_xlfn.IFS(AND(E3>100000,I3="Yes", H3>=4), " Employee of Month"),"- ")} -> -
A4: E062 | B4: Sara | C4: HR | D4: 5153 | E4: 191000 | F4: 73 | G4: 7 | H4: 4 | I4: No | J4: Inactive | K4: =IF(D4>8000,"High","Low") -> Low | L4: =IF(F4>=95,"Excellent","Needs Improvement") -> Needs Improvement | M4: =IF(J4="Active","Working","Not Working") -> Not Working | N4: =IF(E4>100000,"Bonus","No Bonus") -> Bonus | O4: =IF(G4>=5,"Senior","Junior") -> Senior | P4: =IF(H4=5,"Outstanding","Normal") -> Normal | Q4: =IF(I4="Yes","Achieved","Not Achieved") -> Not Achieved | R4: =IF(C4="Sales","Sales Team","Other Team") -> Other Team | S4: =IF(D4<7000,"Increase Needed","OK") -> Increase Needed | T4: =IF(Employee_Data!F4<85,"Warning","Good") -> Warning | U4: =IF(D4>=12000,"Excellent",IF(D4>=9000,"Good","Average")) -> Average | V4: =IF(F4>=95,"Excellent",IF(F4>=90,"Good","Poor")) -> Poor | W4: =IF(H4=5,"Outstanding",IF(H4=4,"Very Good",IF(H4=3,"Good","Needs Improvement"))) -> Very Good | X4: =IF(G4>=10,"Exper",IF(G4>=5,"Experienced","Beginner")) -> Experienced | Y4: =IF(E4>=150000,"Platinum",IF(E4>=100000,"Gold","Silver")) -> Platinum | Z4: =IF(D4>=13000,"A",IF(D4>=10000,"B",IF(D4>=7000,"C","D"))) -> D | AA4: =IF(F4>=95,"Perfect",IF(F4>=90,"Good",IF(F4>=80,"Fair","Poor"))) -> Poor | AB4: =IF(G4>=8,"Expert",IF(G4>=5,"Senior",IF(G4>=2,"Mid","Junior"))) -> Senior | AC4: =IF(H4>=5,"Excellent",IF(H4>=4,"Good",IF(H4>=2,"Average","Poor"))) -> Good | AD4: =IF(E4>=180000,"Top",IF(E4>=120000,"Best",IF(E4>=80000,"Good","Low"))) -> Top | AE4: {=_xlfn.IFS(AND(D4>9000, F4>95), "Eligible Bonus", TRUE, "Not Eligible")} -> Not Eligible | AF4: {=IFERROR(_xlfn.IFS(AND(C4="Sales", E4>120000), "Top Sales"),"- ")} -> - | AG4: {=IFERROR(_xlfn.IFS(AND(G4>5, H4>=4), "Promotion"),"- ")} -> Promotion | AH4: {=IFERROR(_xlfn.IFS(OR(D4>7000, F4>85), "Review Required")," - ")} -> - | AI4: {=IFERROR(_xlfn.IFS(OR(J4="Inactive", F4>80), "HR Action")," - ")} -> HR Action | AJ4: {=IFERROR(_xlfn.IFS(D4>=12000,"High",D4>=9000,"Medium"),"Low " )} -> Low | AK4: {=IFERROR(_xlfn.IFS(F4>=95,"Excellent",F4>=90,"Good"),"Poor" )} -> Poor | AL4: {=IFERROR(_xlfn.IFS(AND(C4="IT", H4=5,F4>=90), "IT Star"), "- ")} -> - | AM4: {=IFERROR(_xlfn.IFS(OR(C4="Finance",C4="HR"),"Administration")," - ")} -> Administration | AN4: {=IFERROR(_xlfn.IFS(AND(E4>100000,I4="Yes", H4>=4), " Employee of Month"),"- ")} -> -
A5: E083 | B5: Dina | C5: IT | D5: 5204 | E5: 108000 | F5: 74 | G5: 1 | H5: 5 | I5: Yes | J5: Inactive | K5: =IF(D5>8000,"High","Low") -> Low | L5: =IF(F5>=95,"Excellent","Needs Improvement") -> Needs Improvement | M5: =IF(J5="Active","Working","Not Working") -> Not Working | N5: =IF(E5>100000,"Bonus","No Bonus") -> Bonus | O5: =IF(G5>=5,"Senior","Junior") -> Junior | P5: =IF(H5=5,"Outstanding","Normal") -> Outstanding | Q5: =IF(I5="Yes","Achieved","Not Achieved") -> Achieved | R5: =IF(C5="Sales","Sales Team","Other Team") -> Other Team | S5: =IF(D5<7000,"Increase Needed","OK") -> Increase Needed | T5: =IF(Employee_Data!F5<85,"Warning","Good") -> Warning | U5: =IF(D5>=12000,"Excellent",IF(D5>=9000,"Good","Average")) -> Average | V5: =IF(F5>=95,"Excellent",IF(F5>=90,"Good","Poor")) -> Poor | W5: =IF(H5=5,"Outstanding",IF(H5=4,"Very Good",IF(H5=3,"Good","Needs Improvement"))) -> Outstanding | X5: =IF(G5>=10,"Exper",IF(G5>=5,"Experienced","Beginner")) -> Beginner | Y5: =IF(E5>=150000,"Platinum",IF(E5>=100000,"Gold","Silver")) -> Gold | Z5: =IF(D5>=13000,"A",IF(D5>=10000,"B",IF(D5>=7000,"C","D"))) -> D | AA5: =IF(F5>=95,"Perfect",IF(F5>=90,"Good",IF(F5>=80,"Fair","Poor"))) -> Poor | AB5: =IF(G5>=8,"Expert",IF(G5>=5,"Senior",IF(G5>=2,"Mid","Junior"))) -> Junior | AC5: =IF(H5>=5,"Excellent",IF(H5>=4,"Good",IF(H5>=2,"Average","Poor"))) -> Excellent | AD5: =IF(E5>=180000,"Top",IF(E5>=120000,"Best",IF(E5>=80000,"Good","Low"))) -> Good | AE5: {=_xlfn.IFS(AND(D5>9000, F5>95), "Eligible Bonus", TRUE, "Not Eligible")} -> Not Eligible | AF5: {=IFERROR(_xlfn.IFS(AND(C5="Sales", E5>120000), "Top Sales"),"- ")} -> - | AG5: {=IFERROR(_xlfn.IFS(AND(G5>5, H5>=4), "Promotion"),"- ")} -> - | AH5: {=IFERROR(_xlfn.IFS(OR(D5>7000, F5>85), "Review Required")," - ")} -> - | AI5: {=IFERROR(_xlfn.IFS(OR(J5="Inactive", F5>80), "HR Action")," - ")} -> HR Action | AJ5: {=IFERROR(_xlfn.IFS(D5>=12000,"High",D5>=9000,"Medium"),"Low " )} -> Low | AK5: {=IFERROR(_xlfn.IFS(F5>=95,"Excellent",F5>=90,"Good"),"Poor" )} -> Poor | AL5: {=IFERROR(_xlfn.IFS(AND(C5="IT", H5=5,F5>=90), "IT Star"), "- ")} -> - | AM5: {=IFERROR(_xlfn.IFS(OR(C5="Finance",C5="HR"),"Administration")," - ")} -> - | AN5: {=IFERROR(_xlfn.IFS(AND(E5>100000,I5="Yes", H5>=4), " Employee of Month"),"- ")} -> Employee of Month
A6: E021 | B6: Salma | C6: Sales | D6: 5482 | E6: 154000 | F6: 74 | G6: 9 | H6: 3 | I6: Yes | J6: Active | K6: =IF(D6>8000,"High","Low") -> Low | L6: =IF(F6>=95,"Excellent","Needs Improvement") -> Needs Improvement | M6: =IF(J6="Active","Working","Not Working") -> Working | N6: =IF(E6>100000,"Bonus","No Bonus") -> Bonus | O6: =IF(G6>=5,"Senior","Junior") -> Senior | P6: =IF(H6=5,"Outstanding","Normal") -> Normal | Q6: =IF(I6="Yes","Achieved","Not Achieved") -> Achieved | R6: =IF(C6="Sales","Sales Team","Other Team") -> Sales Team | S6: =IF(D6<7000,"Increase Needed","OK") -> Increase Needed | T6: =IF(Employee_Data!F6<85,"Warning","Good") -> Warning | U6: =IF(D6>=12000,"Excellent",IF(D6>=9000,"Good","Average")) -> Average | V6: =IF(F6>=95,"Excellent",IF(F6>=90,"Good","Poor")) -> Poor | W6: =IF(H6=5,"Outstanding",IF(H6=4,"Very Good",IF(H6=3,"Good","Needs Improvement"))) -> Good | X6: =IF(G6>=10,"Exper",IF(G6>=5,"Experienced","Beginner")) -> Experienced | Y6: =IF(E6>=150000,"Platinum",IF(E6>=100000,"Gold","Silver")) -> Platinum | Z6: =IF(D6>=13000,"A",IF(D6>=10000,"B",IF(D6>=7000,"C","D"))) -> D | AA6: =IF(F6>=95,"Perfect",IF(F6>=90,"Good",IF(F6>=80,"Fair","Poor"))) -> Poor | AB6: =IF(G6>=8,"Expert",IF(G6>=5,"Senior",IF(G6>=2,"Mid","Junior"))) -> Expert | AC6: =IF(H6>=5,"Excellent",IF(H6>=4,"Good",IF(H6>=2,"Average","Poor"))) -> Average | AD6: =IF(E6>=180000,"Top",IF(E6>=120000,"Best",IF(E6>=80000,"Good","Low"))) -> Best | AE6: {=_xlfn.IFS(AND(D6>9000, F6>95), "Eligible Bonus", TRUE, "Not Eligible")} -> Not Eligible | AF6: {=IFERROR(_xlfn.IFS(AND(C6="Sales", E6>120000), "Top Sales"),"- ")} -> Top Sales | AG6: {=IFERROR(_xlfn.IFS(AND(G6>5, H6>=4), "Promotion"),"- ")} -> - | AH6: {=IFERROR(_xlfn.IFS(OR(D6>7000, F6>85), "Review Required")," - ")} -> - | AI6: {=IFERROR(_xlfn.IFS(OR(J6="Inactive", F6>80), "HR Action")," - ")} -> - | AJ6: {=IFERROR(_xlfn.IFS(D6>=12000,"High",D6>=9000,"Medium"),"Low " )} -> Low | AK6: {=IFERROR(_xlfn.IFS(F6>=95,"Excellent",F6>=90,"Good"),"Poor" )} -> Poor | AL6: {=IFERROR(_xlfn.IFS(AND(C6="IT", H6=5,F6>=90), "IT Star"), "- ")} -> - | AM6: {=IFERROR(_xlfn.IFS(OR(C6="Finance",C6="HR"),"Administration")," - ")} -> - | AN6: {=IFERROR(_xlfn.IFS(AND(E6>100000,I6="Yes", H6>=4), " Employee of Month"),"- ")} -> -
A7: E042 | B7: Yara | C7: HR | D7: 5533 | E7: 71000 | F7: 75 | G7: 3 | H7: 4 | I7: No | J7: Active | K7: =IF(D7>8000,"High","Low") -> Low | L7: =IF(F7>=95,"Excellent","Needs Improvement") -> Needs Improvement | M7: =IF(J7="Active","Working","Not Working") -> Working | N7: =IF(E7>100000,"Bonus","No Bonus") -> No Bonus | O7: =IF(G7>=5,"Senior","Junior") -> Junior | P7: =IF(H7=5,"Outstanding","Normal") -> Normal | Q7: =IF(I7="Yes","Achieved","Not Achieved") -> Not Achieved | R7: =IF(C7="Sales","Sales Team","Other Team") -> Other Team | S7: =IF(D7<7000,"Increase Needed","OK") -> Increase Needed | T7: =IF(Employee_Data!F7<85,"Warning","Good") -> Warning | U7: =IF(D7>=12000,"Excellent",IF(D7>=9000,"Good","Average")) -> Average | V7: =IF(F7>=95,"Excellent",IF(F7>=90,"Good","Poor")) -> Poor | W7: =IF(H7=5,"Outstanding",IF(H7=4,"Very Good",IF(H7=3,"Good","Needs Improvement"))) -> Very Good | X7: =IF(G7>=10,"Exper",IF(G7>=5,"Experienced","Beginner")) -> Beginner | Y7: =IF(E7>=150000,"Platinum",IF(E7>=100000,"Gold","Silver")) -> Silver | Z7: =IF(D7>=13000,"A",IF(D7>=10000,"B",IF(D7>=7000,"C","D"))) -> D | AA7: =IF(F7>=95,"Perfect",IF(F7>=90,"Good",IF(F7>=80,"Fair","Poor"))) -> Poor | AB7: =IF(G7>=8,"Expert",IF(G7>=5,"Senior",IF(G7>=2,"Mid","Junior"))) -> Mid | AC7: =IF(H7>=5,"Excellent",IF(H7>=4,"Good",IF(H7>=2,"Average","Poor"))) -> Good | AD7: =IF(E7>=180000,"Top",IF(E7>=120000,"Best",IF(E7>=80000,"Good","Low"))) -> Low | AE7: {=_xlfn.IFS(AND(D7>9000, F7>95), "Eligible Bonus", TRUE, "Not Eligible")} -> Not Eligible | AF7: {=IFERROR(_xlfn.IFS(AND(C7="Sales", E7>120000), "Top Sales"),"- ")} -> - | AG7: {=IFERROR(_xlfn.IFS(AND(G7>5, H7>=4), "Promotion"),"- ")} -> - | AH7: {=IFERROR(_xlfn.IFS(OR(D7>7000, F7>85), "Review Required")," - ")} -> - | AI7: {=IFERROR(_xlfn.IFS(OR(J7="Inactive", F7>80), "HR Action")," - ")} -> - | AJ7: {=IFERROR(_xlfn.IFS(D7>=12000,"High",D7>=9000,"Medium"),"Low " )} -> Low | AK7: {=IFERROR(_xlfn.IFS(F7>=95,"Excellent",F7>=90,"Good"),"Poor" )} -> Poor | AL7: {=IFERROR(_xlfn.IFS(AND(C7="IT", H7=5,F7>=90), "IT Star"), "- ")} -> - | AM7: {=IFERROR(_xlfn.IFS(OR(C7="Finance",C7="HR"),"Administration")," - ")} -> Administration | AN7: {=IFERROR(_xlfn.IFS(AND(E7>100000,I7="Yes", H7>=4), " Employee of Month"),"- ")} -> -
A8: E063 | B8: Omar | C8: IT | D8: 5584 | E8: 208000 | F8: 76 | G8: 9 | H8: 5 | I8: Yes | J8: Active | K8: =IF(D8>8000,"High","Low") -> Low | L8: =IF(F8>=95,"Excellent","Needs Improvement") -> Needs Improvement | M8: =IF(J8="Active","Working","Not Working") -> Working | N8: =IF(E8>100000,"Bonus","No Bonus") -> Bonus | O8: =IF(G8>=5,"Senior","Junior") -> Senior | P8: =IF(H8=5,"Outstanding","Normal") -> Outstanding | Q8: =IF(I8="Yes","Achieved","Not Achieved") -> Achieved | R8: =IF(C8="Sales","Sales Team","Other Team") -> Other Team | S8: =IF(D8<7000,"Increase Needed","OK") -> Increase Needed | T8: =IF(Employee_Data!F8<85,"Warning","Good") -> Warning | U8: =IF(D8>=12000,"Excellent",IF(D8>=9000,"Good","Average")) -> Average | V8: =IF(F8>=95,"Excellent",IF(F8>=90,"Good","Poor")) -> Poor | W8: =IF(H8=5,"Outstanding",IF(H8=4,"Very Good",IF(H8=3,"Good","Needs Improvement"))) -> Outstanding | X8: =IF(G8>=10,"Exper",IF(G8>=5,"Experienced","Beginner")) -> Experienced | Y8: =IF(E8>=150000,"Platinum",IF(E8>=100000,"Gold","Silver")) -> Platinum | Z8: =IF(D8>=13000,"A",IF(D8>=10000,"B",IF(D8>=7000,"C","D"))) -> D | AA8: =IF(F8>=95,"Perfect",IF(F8>=90,"Good",IF(F8>=80,"Fair","Poor"))) -> Poor | AB8: =IF(G8>=8,"Expert",IF(G8>=5,"Senior",IF(G8>=2,"Mid","Junior"))) -> Expert | AC8: =IF(H8>=5,"Excellent",IF(H8>=4,"Good",IF(H8>=2,"Average","Poor"))) -> Excellent | AD8: =IF(E8>=180000,"Top",IF(E8>=120000,"Best",IF(E8>=80000,"Good","Low"))) -> Top | AE8: {=_xlfn.IFS(AND(D8>9000, F8>95), "Eligible Bonus", TRUE, "Not Eligible")} -> Not Eligible | AF8: {=IFERROR(_xlfn.IFS(AND(C8="Sales", E8>120000), "Top Sales"),"- ")} -> - | AG8: {=IFERROR(_xlfn.IFS(AND(G8>5, H8>=4), "Promotion"),"- ")} -> Promotion | AH8: {=IFERROR(_xlfn.IFS(OR(D8>7000, F8>85), "Review Required")," - ")} -> - | AI8: {=IFERROR(_xlfn.IFS(OR(J8="Inactive", F8>80), "HR Action")," - ")} -> - | AJ8: {=IFERROR(_xlfn.IFS(D8>=12000,"High",D8>=9000,"Medium"),"Low " )} -> Low | AK8: {=IFERROR(_xlfn.IFS(F8>=95,"Excellent",F8>=90,"Good"),"Poor" )} -> Poor | AL8: {=IFERROR(_xlfn.IFS(AND(C8="IT", H8=5,F8>=90), "IT Star"), "- ")} -> - | AM8: {=IFERROR(_xlfn.IFS(OR(C8="Finance",C8="HR"),"Administration")," - ")} -> - | AN8: {=IFERROR(_xlfn.IFS(AND(E8>100000,I8="Yes", H8>=4), " Employee of Month"),"- ")} -> Employee of Month
A9: E084 | B9: Hany | C9: Finance | D9: 5635 | E9: 125000 | F9: 77 | G9: 3 | H9: 1 | I9: No | J9: Active | K9: =IF(D9>8000,"High","Low") -> Low | L9: =IF(F9>=95,"Excellent","Needs Improvement") -> Needs Improvement | M9: =IF(J9="Active","Working","Not Working") -> Working | N9: =IF(E9>100000,"Bonus","No Bonus") -> Bonus | O9: =IF(G9>=5,"Senior","Junior") -> Junior | P9: =IF(H9=5,"Outstanding","Normal") -> Normal | Q9: =IF(I9="Yes","Achieved","Not Achieved") -> Not Achieved | R9: =IF(C9="Sales","Sales Team","Other Team") -> Other Team | S9: =IF(D9<7000,"Increase Needed","OK") -> Increase Needed | T9: =IF(Employee_Data!F9<85,"Warning","Good") -> Warning | U9: =IF(D9>=12000,"Excellent",IF(D9>=9000,"Good","Average")) -> Average | V9: =IF(F9>=95,"Excellent",IF(F9>=90,"Good","Poor")) -> Poor | W9: =IF(H9=5,"Outstanding",IF(H9=4,"Very Good",IF(H9=3,"Good","Needs Improvement"))) -> Needs Improvement | X9: =IF(G9>=10,"Exper",IF(G9>=5,"Experienced","Beginner")) -> Beginner | Y9: =IF(E9>=150000,"Platinum",IF(E9>=100000,"Gold","Silver")) -> Gold | Z9: =IF(D9>=13000,"A",IF(D9>=10000,"B",IF(D9>=7000,"C","D"))) -> D | AA9: =IF(F9>=95,"Perfect",IF(F9>=90,"Good",IF(F9>=80,"Fair","Poor"))) -> Poor | AB9: =IF(G9>=8,"Expert",IF(G9>=5,"Senior",IF(G9>=2,"Mid","Junior"))) -> Mid | AC9: =IF(H9>=5,"Excellent",IF(H9>=4,"Good",IF(H9>=2,"Average","Poor"))) -> Poor | AD9: =IF(E9>=180000,"Top",IF(E9>=120000,"Best",IF(E9>=80000,"Good","Low"))) -> Best | AE9: {=_xlfn.IFS(AND(D9>9000, F9>95), "Eligible Bonus", TRUE, "Not Eligible")} -> Not Eligible | AF9: {=IFERROR(_xlfn.IFS(AND(C9="Sales", E9>120000), "Top Sales"),"- ")} -> - | AG9: {=IFERROR(_xlfn.IFS(AND(G9>5, H9>=4), "Promotion"),"- ")} -> - | AH9: {=IFERROR(_xlfn.IFS(OR(D9>7000, F9>85), "Review Required")," - ")} -> - | AI9: {=IFERROR(_xlfn.IFS(OR(J9="Inactive", F9>80), "HR Action")," - ")} -> - | AJ9: {=IFERROR(_xlfn.IFS(D9>=12000,"High",D9>=9000,"Medium"),"Low " )} -> Low | AK9: {=IFERROR(_xlfn.IFS(F9>=95,"Excellent",F9>=90,"Good"),"Poor" )} -> Poor | AL9: {=IFERROR(_xlfn.IFS(AND(C9="IT", H9=5,F9>=90), "IT Star"), "- ")} -> - | AM9: {=IFERROR(_xlfn.IFS(OR(C9="Finance",C9="HR"),"Administration")," - ")} -> Administration | AN9: {=IFERROR(_xlfn.IFS(AND(E9>100000,I9="Yes", H9>=4), " Employee of Month"),"- ")} -> -
A10: E001 | B10: Ahmed | C10: Sales | D10: 5862 | E10: 34000 | F10: 76 | G10: 5 | H10: 3 | I10: Yes | J10: Active | K10: =IF(D10>8000,"High","Low") -> Low | L10: =IF(F10>=95,"Excellent","Needs Improvement") -> Needs Improvement | M10: =IF(J10="Active","Working","Not Working") -> Working | N10: =IF(E10>100000,"Bonus","No Bonus") -> No Bonus | O10: =IF(G10>=5,"Senior","Junior") -> Senior | P10: =IF(H10=5,"Outstanding","Normal") -> Normal | Q10: =IF(I10="Yes","Achieved","Not Achieved") -> Achieved | R10: =IF(C10="Sales","Sales Team","Other Team") -> Sales Team | S10: =IF(D10<7000,"Increase Needed","OK") -> Increase Needed | T10: =IF(Employee_Data!F10<85,"Warning","Good") -> Warning | U10: =IF(D10>=12000,"Excellent",IF(D10>=9000,"Good","Average")) -> Average | V10: =IF(F10>=95,"Excellent",IF(F10>=90,"Good","Poor")) -> Poor | W10: =IF(H10=5,"Outstanding",IF(H10=4,"Very Good",IF(H10=3,"Good","Needs Improvement"))) -> Good | X10: =IF(G10>=10,"Exper",IF(G10>=5,"Experienced","Beginner")) -> Experienced | Y10: =IF(E10>=150000,"Platinum",IF(E10>=100000,"Gold","Silver")) -> Silver | Z10: =IF(D10>=13000,"A",IF(D10>=10000,"B",IF(D10>=7000,"C","D"))) -> D | AA10: =IF(F10>=95,"Perfect",IF(F10>=90,"Good",IF(F10>=80,"Fair","Poor"))) -> Poor | AB10: =IF(G10>=8,"Expert",IF(G10>=5,"Senior",IF(G10>=2,"Mid","Junior"))) -> Senior | AC10: =IF(H10>=5,"Excellent",IF(H10>=4,"Good",IF(H10>=2,"Average","Poor"))) -> Average | AD10: =IF(E10>=180000,"Top",IF(E10>=120000,"Best",IF(E10>=80000,"Good","Low"))) -> Low | AE10: {=_xlfn.IFS(AND(D10>9000, F10>95), "Eligible Bonus", TRUE, "Not Eligible")} -> Not Eligible | AF10: {=IFERROR(_xlfn.IFS(AND(C10="Sales", E10>120000), "Top Sales"),"- ")} -> - | AG10: {=IFERROR(_xlfn.IFS(AND(G10>5, H10>=4), "Promotion"),"- ")} -> - | AH10: {=IFERROR(_xlfn.IFS(OR(D10>7000, F10>85), "Review Required")," - ")} -> - | AI10: {=IFERROR(_xlfn.IFS(OR(J10="Inactive", F10>80), "HR Action")," - ")} -> - | AJ10: {=IFERROR(_xlfn.IFS(D10>=12000,"High",D10>=9000,"Medium"),"Low " )} -> Low | AK10: {=IFERROR(_xlfn.IFS(F10>=95,"Excellent",F10>=90,"Good"),"Poor" )} -> Poor | AL10: {=IFERROR(_xlfn.IFS(AND(C10="IT", H10=5,F10>=90), "IT Star"), "- ")} -> - | AM10: {=IFERROR(_xlfn.IFS(OR(C10="Finance",C10="HR"),"Administration")," - ")} -> - | AN10: {=IFERROR(_xlfn.IFS(AND(E10>100000,I10="Yes", H10>=4), " Employee of Month"),"- ")} -> -
A11: E022 | B11: Mostafa | C11: HR | D11: 5913 | E11: 171000 | F11: 77 | G11: 11 | H11: 4 | I11: No | J11: Active | K11: =IF(D11>8000,"High","Low") -> Low | L11: =IF(F11>=95,"Excellent","Needs Improvement") -> Needs Improvement | M11: =IF(J11="Active","Working","Not Working") -> Working | N11: =IF(E11>100000,"Bonus","No Bonus") -> Bonus | O11: =IF(G11>=5,"Senior","Junior") -> Senior | P11: =IF(H11=5,"Outstanding","Normal") -> Normal | Q11: =IF(I11="Yes","Achieved","Not Achieved") -> Not Achieved | R11: =IF(C11="Sales","Sales Team","Other Team") -> Other Team | S11: =IF(D11<7000,"Increase Needed","OK") -> Increase Needed | T11: =IF(Employee_Data!F11<85,"Warning","Good") -> Warning | U11: =IF(D11>=12000,"Excellent",IF(D11>=9000,"Good","Average")) -> Average | V11: =IF(F11>=95,"Excellent",IF(F11>=90,"Good","Poor")) -> Poor | W11: =IF(H11=5,"Outstanding",IF(H11=4,"Very Good",IF(H11=3,"Good","Needs Improvement"))) -> Very Good | X11: =IF(G11>=10,"Exper",IF(G11>=5,"Experienced","Beginner")) -> Exper | Y11: =IF(E11>=150000,"Platinum",IF(E11>=100000,"Gold","Silver")) -> Platinum | Z11: =IF(D11>=13000,"A",IF(D11>=10000,"B",IF(D11>=7000,"C","D"))) -> D | AA11: =IF(F11>=95,"Perfect",IF(F11>=90,"Good",IF(F11>=80,"Fair","Poor"))) -> Poor | AB11: =IF(G11>=8,"Expert",IF(G11>=5,"Senior",IF(G11>=2,"Mid","Junior"))) -> Expert | AC11: =IF(H11>=5,"Excellent",IF(H11>=4,"Good",IF(H11>=2,"Average","Poor"))) -> Good | AD11: =IF(E11>=180000,"Top",IF(E11>=120000,"Best",IF(E11>=80000,"Good","Low"))) -> Best | AE11: {=_xlfn.IFS(AND(D11>9000, F11>95), "Eligible Bonus", TRUE, "Not Eligible")} -> Not Eligible | AF11: {=IFERROR(_xlfn.IFS(AND(C11="Sales", E11>120000), "Top Sales"),"- ")} -> - | AG11: {=IFERROR(_xlfn.IFS(AND(G11>5, H11>=4), "Promotion"),"- ")} -> Promotion | AH11: {=IFERROR(_xlfn.IFS(OR(D11>7000, F11>85), "Review Required")," - ")} -> - | AI11: {=IFERROR(_xlfn.IFS(OR(J11="Inactive", F11>80), "HR Action")," - ")} -> - | AJ11: {=IFERROR(_xlfn.IFS(D11>=12000,"High",D11>=9000,"Medium"),"Low " )} -> Low | AK11: {=IFERROR(_xlfn.IFS(F11>=95,"Excellent",F11>=90,"Good"),"Poor" )} -> Poor | AL11: {=IFERROR(_xlfn.IFS(AND(C11="IT", H11=5,F11>=90), "IT Star"), "- ")} -> - | AM11: {=IFERROR(_xlfn.IFS(OR(C11="Finance",C11="HR"),"Administration")," - ")} -> Administration | AN11: {=IFERROR(_xlfn.IFS(AND(E11>100000,I11="Yes", H11>=4), " Employee of Month"),"- ")} -> -
A12: E043 | B12: Tamer | C12: IT | D12: 5964 | E12: 88000 | F12: 78 | G12: 5 | H12: 5 | I12: Yes | J12: Active | K12: =IF(D12>8000,"High","Low") -> Low | L12: =IF(F12>=95,"Excellent","Needs Improvement") -> Needs Improvement | M12: =IF(J12="Active","Working","Not Working") -> Working | N12: =IF(E12>100000,"Bonus","No Bonus") -> No Bonus | O12: =IF(G12>=5,"Senior","Junior") -> Senior | P12: =IF(H12=5,"Outstanding","Normal") -> Outstanding | Q12: =IF(I12="Yes","Achieved","Not Achieved") -> Achieved | R12: =IF(C12="Sales","Sales Team","Other Team") -> Other Team | S12: =IF(D12<7000,"Increase Needed","OK") -> Increase Needed | T12: =IF(Employee_Data!F12<85,"Warning","Good") -> Warning | U12: =IF(D12>=12000,"Excellent",IF(D12>=9000,"Good","Average")) -> Average | V12: =IF(F12>=95,"Excellent",IF(F12>=90,"Good","Poor")) -> Poor | W12: =IF(H12=5,"Outstanding",IF(H12=4,"Very Good",IF(H12=3,"Good","Needs Improvement"))) -> Outstanding | X12: =IF(G12>=10,"Exper",IF(G12>=5,"Experienced","Beginner")) -> Experienced | Y12: =IF(E12>=150000,"Platinum",IF(E12>=100000,"Gold","Silver")) -> Silver | Z12: =IF(D12>=13000,"A",IF(D12>=10000,"B",IF(D12>=7000,"C","D"))) -> D | AA12: =IF(F12>=95,"Perfect",IF(F12>=90,"Good",IF(F12>=80,"Fair","Poor"))) -> Poor | AB12: =IF(G12>=8,"Expert",IF(G12>=5,"Senior",IF(G12>=2,"Mid","Junior"))) -> Senior | AC12: =IF(H12>=5,"Excellent",IF(H12>=4,"Good",IF(H12>=2,"Average","Poor"))) -> Excellent | AD12: =IF(E12>=180000,"Top",IF(E12>=120000,"Best",IF(E12>=80000,"Good","Low"))) -> Good | AE12: {=_xlfn.IFS(AND(D12>9000, F12>95), "Eligible Bonus", TRUE, "Not Eligible")} -> Not Eligible | AF12: {=IFERROR(_xlfn.IFS(AND(C12="Sales", E12>120000), "Top Sales"),"- ")} -> - | AG12: {=IFERROR(_xlfn.IFS(AND(G12>5, H12>=4), "Promotion"),"- ")} -> - | AH12: {=IFERROR(_xlfn.IFS(OR(D12>7000, F12>85), "Review Required")," - ")} -> - | AI12: {=IFERROR(_xlfn.IFS(OR(J12="Inactive", F12>80), "HR Action")," - ")} -> - | AJ12: {=IFERROR(_xlfn.IFS(D12>=12000,"High",D12>=9000,"Medium"),"Low " )} -> Low | AK12: {=IFERROR(_xlfn.IFS(F12>=95,"Excellent",F12>=90,"Good"),"Poor" )} -> Poor | AL12: {=IFERROR(_xlfn.IFS(AND(C12="IT", H12=5,F12>=90), "IT Star"), "- ")} -> - | AM12: {=IFERROR(_xlfn.IFS(OR(C12="Finance",C12="HR"),"Administration")," - ")} -> - | AN12: {=IFERROR(_xlfn.IFS(AND(E12>100000,I12="Yes", H12>=4), " Employee of Month"),"- ")} -> -
A13: E064 | B13: Mona | C13: Finance | D13: 6015 | E13: 5000 | F13: 79 | G13: 11 | H13: 1 | I13: No | J13: Active | K13: =IF(D13>8000,"High","Low") -> Low | L13: =IF(F13>=95,"Excellent","Needs Improvement") -> Needs Improvement | M13: =IF(J13="Active","Working","Not Working") -> Working | N13: =IF(E13>100000,"Bonus","No Bonus") -> No Bonus | O13: =IF(G13>=5,"Senior","Junior") -> Senior | P13: =IF(H13=5,"Outstanding","Normal") -> Normal | Q13: =IF(I13="Yes","Achieved","Not Achieved") -> Not Achieved | R13: =IF(C13="Sales","Sales Team","Other Team") -> Other Team | S13: =IF(D13<7000,"Increase Needed","OK") -> Increase Needed | T13: =IF(Employee_Data!F13<85,"Warning","Good") -> Warning | U13: =IF(D13>=12000,"Excellent",IF(D13>=9000,"Good","Average")) -> Average | V13: =IF(F13>=95,"Excellent",IF(F13>=90,"Good","Poor")) -> Poor | W13: =IF(H13=5,"Outstanding",IF(H13=4,"Very Good",IF(H13=3,"Good","Needs Improvement"))) -> Needs Improvement | X13: =IF(G13>=10,"Exper",IF(G13>=5,"Experienced","Beginner")) -> Exper | Y13: =IF(E13>=150000,"Platinum",IF(E13>=100000,"Gold","Silver")) -> Silver | Z13: =IF(D13>=13000,"A",IF(D13>=10000,"B",IF(D13>=7000,"C","D"))) -> D | AA13: =IF(F13>=95,"Perfect",IF(F13>=90,"Good",IF(F13>=80,"Fair","Poor"))) -> Poor | AB13: =IF(G13>=8,"Expert",IF(G13>=5,"Senior",IF(G13>=2,"Mid","Junior"))) -> Expert | AC13: =IF(H13>=5,"Excellent",IF(H13>=4,"Good",IF(H13>=2,"Average","Poor"))) -> Poor | AD13: =IF(E13>=180000,"Top",IF(E13>=120000,"Best",IF(E13>=80000,"Good","Low"))) -> Low | AE13: {=_xlfn.IFS(AND(D13>9000, F13>95), "Eligible Bonus", TRUE, "Not Eligible")} -> Not Eligible | AF13: {=IFERROR(_xlfn.IFS(AND(C13="Sales", E13>120000), "Top Sales"),"- ")} -> - | AG13: {=IFERROR(_xlfn.IFS(AND(G13>5, H13>=4), "Promotion"),"- ")} -> - | AH13: {=IFERROR(_xlfn.IFS(OR(D13>7000, F13>85), "Review Required")," - ")} -> - | AI13: {=IFERROR(_xlfn.IFS(OR(J13="Inactive", F13>80), "HR Action")," - ")} -> - | AJ13: {=IFERROR(_xlfn.IFS(D13>=12000,"High",D13>=9000,"Medium"),"Low " )} -> Low | AK13: {=IFERROR(_xlfn.IFS(F13>=95,"Excellent",F13>=90,"Good"),"Poor" )} -> Poor | AL13: {=IFERROR(_xlfn.IFS(AND(C13="IT", H13=5,F13>=90), "IT Star"), "- ")} -> - | AM13: {=IFERROR(_xlfn.IFS(OR(C13="Finance",C13="HR"),"Administration")," - ")} -> Administration | AN13: {=IFERROR(_xlfn.IFS(AND(E13>100000,I13="Yes", H13>=4), " Employee of Month"),"- ")} -> -
... A101: E082 | B101: Mostafa | C101: HR | D101: 13773 | E101: 91000 | F101: 71 | G101: 11 | H101: 4 | I101: No | J101: Active | K101: =IF(D101>8000,"High","Low") -> High | L101: =IF(F101>=95,"Excellent","Needs Improvement") -> Needs Improvement | M101: =IF(J101="Active","Working","Not Working") -> Working | N101: =IF(E101>100000,"Bonus","No Bonus") -> No Bonus | O101: =IF(G101>=5,"Senior","Junior") -> Senior | P101: =IF(H101=5,"Outstanding","Normal") -> Normal | Q101: =IF(I101="Yes","Achieved","Not Achieved") -> Not Achieved | R101: =IF(C101="Sales","Sales Team","Other Team") -> Other Team | S101: =IF(D101<7000,"Increase Needed","OK") -> OK | T101: =IF(Employee_Data!F101<85,"Warning","Good") -> Warning | U101: =IF(D101>=12000,"Excellent",IF(D101>=9000,"Good","Average")) -> Excellent | V101: =IF(F101>=95,"Excellent",IF(F101>=90,"Good","Poor")) -> Poor | W101: =IF(H101=5,"Outstanding",IF(H101=4,"Very Good",IF(H101=3,"Good","Needs Improvement"))) -> Very Good | X101: =IF(G101>=10,"Exper",IF(G101>=5,"Experienced","Beginner")) -> Exper | Y101: =IF(E101>=150000,"Platinum",IF(E101>=100000,"Gold","Silver")) -> Silver | Z101: =IF(D101>=13000,"A",IF(D101>=10000,"B",IF(D101>=7000,"C","D"))) -> A | AA101: =IF(F101>=95,"Perfect",IF(F101>=90,"Good",IF(F101>=80,"Fair","Poor"))) -> Poor | AB101: =IF(G101>=8,"Expert",IF(G101>=5,"Senior",IF(G101>=2,"Mid","Junior"))) -> Expert | AC101: =IF(H101>=5,"Excellent",IF(H101>=4,"Good",IF(H101>=2,"Average","Poor"))) -> Good | AD101: =IF(E101>=180000,"Top",IF(E101>=120000,"Best",IF(E101>=80000,"Good","Low"))) -> Good | AE101: {=_xlfn.IFS(AND(D101>9000, F101>95), "Eligible Bonus", TRUE, "Not Eligible")} -> Not Eligible | AF101: {=IFERROR(_xlfn.IFS(AND(C101="Sales", E101>120000), "Top Sales"),"- ")} -> - | AG101: {=IFERROR(_xlfn.IFS(AND(G101>5, H101>=4), "Promotion"),"- ")} -> Promotion | AH101: {=IFERROR(_xlfn.IFS(OR(D101>7000, F101>85), "Review Required")," - ")} -> Review Required | AI101: {=IFERROR(_xlfn.IFS(OR(J101="Inactive", F101>80), "HR Action")," - ")} -> - | AJ101: {=IFERROR(_xlfn.IFS(D101>=12000,"High",D101>=9000,"Medium"),"Low " )} -> High | AK101: {=IFERROR(_xlfn.IFS(F101>=95,"Excellent",F101>=90,"Good"),"Poor" )} -> Poor | AL101: {=IFERROR(_xlfn.IFS(AND(C101="IT", H101=5,F101>=90), "IT Star"), "- ")} -> - | AM101: {=IFERROR(_xlfn.IFS(OR(C101="Finance",C101="HR"),"Administration")," - ")} -> Administration | AN101: {=IFERROR(_xlfn.IFS(AND(E101>100000,I101="Yes", H101>=4), " Employee of Month"),"- ")} -> -

Sheet Questions
A1: No | B1: Category | C1: Question | D1: Answers
A2: 1 | B2: IF | C2: If Salary >8000 return High otherwise Low | D2: IF(D2>8000,"High","Low")
A3: 2 | B3: IF | C3: If Attendance>=95 return Excellent otherwise Needs Improvement | D3: IF(F2>=95,"Excellent","Needs Improvement")
A4: 3 | B4: IF | C4: If Status='Active' return Working otherwise Not Working | D4: IF(J2="Active","Working","Not Working")
A5: 4 | B5: IF | C5: If Sales>100000 return Bonus otherwise No Bonus | D5: IF(E2>100000,"Bonus","No Bonus")
A6: 5 | B6: IF | C6: If Experience>=5 return Senior otherwise Junior | D6: IF(G2>=5,"Senior","Junior")
A7: 6 | B7: IF | C7: If Rating=5 return Outstanding otherwise Normal | D7: IF(H2=5,"Outstanding","Normal")
A8: 7 | B8: IF | C8: If Target='Yes' return Achieved otherwise Not Achieved | D8: IF(I2="Yes","Achieved","Not Achieved")
A9: 8 | B9: IF | C9: If Department='Sales' return Sales Team otherwise Other Team | D9: IF(C2="Sales","Sales Team","Other Team")
A10: 9 | B10: IF | C10: If Salary<7000 return Increase Needed otherwise OK | D10: IF(D2<7000,"Increase Needed","OK")
A11: 10 | B11: IF | C11: If Attendance<85 return Warning otherwise Good | D11: IF(Employee_Data!F2<85,"Warning","Good")
A12: 11 | B12: Nested IF | C12: Salary>=12000 Excellent else >=9000 Good else Average | D12: IF(D2>=12000,"Excellent",IF(D2>=9000,"Good","Average"))
A13: 12 | B13: Nested IF | C13: Attendance >=95 Excellent >=90 Good else Poor | D13: IF(F2>=95,"Excellent",IF(F2>=90,"Good","Poor"))
... A31: 30 | B31: IFS/AND/OR | C31: Sales>100000 AND Target=Yes AND Rating>=4 Employee of Month | D31: IFERROR(IFS(AND(E2>100000,I2="Yes", H2>=4), " Employee of Month"),"- ")
