Workbook

Sheet Row_Data
A1: Order ID | B1: Date | C1: Customer Email | D1: Product | E1: Category | F1: Quantity | G1: Unit Price | H1: Payment Method | I1: Status | J1: City | K1: Total | L1: Month
A2: 1204 | B2: 45664 | C2: dyoung@stokes.com | D2: Speaker | E2: Accessories | F2: 3 | G2: 3918.42 | H2: Credit Card | I2: Cancelled | J2: West Scottville | K2: 11755.26 | L2: =TEXT(Table1[[#This Row],[Date]],"MMM"&" yyy") -> Jan 2025
A3: 2660 | B3: 45664 | C3: espinozamaria@lewis.com | D3: Laptop | E3: Accessories | F3: 4 | G3: 3186.64 | H3: PayPal | I3: Shipped | J3: West Kayla | K3: 12746.56 | L3: =TEXT(Table1[[#This Row],[Date]],"MMM"&" yyy") -> Jan 2025
A4: 6212 | B4: 45665 | C4: lee69@hotmail.com | D4: Keyboard | E4: Accessories | F4: 2 | G4: 2898.21 | H4: Credit Card | I4: Shipped | J4: Ramirezfurt | K4: 5796.42 | L4: =TEXT(Table1[[#This Row],[Date]],"MMM"&" yyy") -> Jan 2025
A5: 8491 | B5: 45665 | C5: paul14@hamilton.biz | D5: Keyboard | E5: Accessories | F5: 2 | G5: 963.34 | H5: PayPal | I5: Cancelled | J5: Gutierrezton | K5: 1926.68 | L5: =TEXT(Table1[[#This Row],[Date]],"MMM"&" yyy") -> Jan 2025
A6: 3068 | B6: 45667 | C6: ejones@calderon.com | D6: USB Cable | E6: Office | F6: 2 | G6: 988.2 | H6: Cash | I6: Shipped | J6: Mccluretown | K6: 1976.4 | L6: =TEXT(Table1[[#This Row],[Date]],"MMM"&" yyy") -> Jan 2025
A7: 3603 | B7: 45667 | C7: eric77@gmail.com | D7: USB Cable | E7: Accessories | F7: 5 | G7: 4340.71 | H7: Cash | I7: Cancelled | J7: West Maureen | K7: 21703.55 | L7: =TEXT(Table1[[#This Row],[Date]],"MMM"&" yyy") -> Jan 2025
A8: 2933 | B8: 45668 | C8: wonghayley@hotmail.com | D8: Charger | E8: Accessories | F8: 1 | G8: 1619.68 | H8: Credit Card | I8: Cancelled | J8: Andreton | K8: 1619.68 | L8: =TEXT(Table1[[#This Row],[Date]],"MMM"&" yyy") -> Jan 2025
A9: 4798 | B9: 45669 | C9: kelly28@gmail.com | D9: Charger | E9: Office | F9: 3 | G9: 931.37 | H9: Cash | I9: Shipped | J9: South Johnchester | K9: 2794.11 | L9: =TEXT(Table1[[#This Row],[Date]],"MMM"&" yyy") -> Jan 2025
A10: 6888 | B10: 45669 | C10: taylor42@rogers-carpenter.biz | D10: Webcam | E10: Office | F10: 3 | G10: 1065.6 | H10: PayPal | I10: Cancelled | J10: Harringtonport | K10: 3196.8 | L10: =TEXT(Table1[[#This Row],[Date]],"MMM"&" yyy") -> Jan 2025
A11: 3485 | B11: 45670 | C11: debbiebeltran@yahoo.com | D11: Headphones | E11: Office | F11: 1 | G11: 478.66 | H11: Credit Card | I11: Cancelled | J11: Lake Lauren | K11: 478.66 | L11: =TEXT(Table1[[#This Row],[Date]],"MMM"&" yyy") -> Jan 2025
A12: 7489 | B12: 45670 | C12: aaronsmith@yahoo.com | D12: Headphones | E12: Office | F12: 3 | G12: 4467.71 | H12: Credit Card | I12: Shipped | J12: New Kristinshire | K12: 13403.13 | L12: =TEXT(Table1[[#This Row],[Date]],"MMM"&" yyy") -> Jan 2025
A13: 4327 | B13: 45671 | C13: krobertson@nelson.biz | D13: Monitor | E13: Electronics | F13: 3 | G13: 1682.37 | H13: Cash | I13: Cancelled | J13: New Pamelaton | K13: 5047.11 | L13: =TEXT(Table1[[#This Row],[Date]],"MMM"&" yyy") -> Jan 2025
... A321: 8892 | B321: 45846 | C321: chad26@hurley.com | D321: Charger | E321: Electronics | F321: 2 | G321: 3853.02 | H321: Credit Card | I321: Shipped | J321: Lunahaven | K321: 7706.04 | L321: =TEXT(Table1[[#This Row],[Date]],"MMM"&" yyy") -> Jul 2025

Sheet sumif
E1: UNIQUE
A2: Payment Method | B2: sumif | C2: sumifs | E2: {=_xlfn.UNIQUE(Row_Data!E:E)} -> Category | F2: sumif | G2: sumifs
A3: {=_xlfn.UNIQUE(Table1[Payment Method])} -> Credit Card | B3: =SUMIF(Row_Data!H:H,sumif!A3,Row_Data!K:K) -> 823201.31 | C3: =SUMIFS(Row_Data!K:K,Row_Data!H:H,sumif!A3) -> 823201.31 | E3: Accessories | F3: =SUMIF(Row_Data!E:E,sumif!E3,Row_Data!K:K) -> 817313.97 | G3: =SUMIFS(Row_Data!K:K,Row_Data!E:E,sumif!E3) -> 817313.97
A4: PayPal | B4: =SUMIF(Row_Data!H:H,sumif!A4,Row_Data!K:K) -> 774973.26 | C4: =SUMIFS(Row_Data!K:K,Row_Data!H:H,sumif!A4) -> 774973.26 | E4: Office | F4: =SUMIF(Row_Data!E:E,sumif!E4,Row_Data!K:K) -> 879055.8 | G4: =SUMIFS(Row_Data!K:K,Row_Data!E:E,sumif!E4) -> 879055.8
A5: Cash | B5: =SUMIF(Row_Data!H:H,sumif!A5,Row_Data!K:K) -> 829137.63 | C5: =SUMIFS(Row_Data!K:K,Row_Data!H:H,sumif!A5) -> 829137.63 | E5: Electronics | F5: =SUMIF(Row_Data!E:E,sumif!E5,Row_Data!K:K) -> 730942.43 | G5: =SUMIFS(Row_Data!K:K,Row_Data!E:E,sumif!E5) -> 730942.43
E6: 0

Sheet sumifs
A3: {=_xlfn.UNIQUE(Row_Data!E:E)} -> Category | B3: {=TRANSPOSE(_xlfn.UNIQUE(Table1[Month]))} -> Jan 2025 | C3: Feb 2025 | D3: Mar 2025 | E3: Apr 2025 | F3: May 2025 | G3: Jun 2025 | H3: Jul 2025
A4: Accessories | B4: =SUMIFS(Row_Data!$K:$K,Row_Data!$E:$E,sumifs!$A4,Row_Data!$L:$L,sumifs!B$3) -> 162035.91 | C4: =SUMIFS(Row_Data!$K:$K,Row_Data!$E:$E,sumifs!$A4,Row_Data!$L:$L,sumifs!C$3) -> 58684.98 | D4: =SUMIFS(Row_Data!$K:$K,Row_Data!$E:$E,sumifs!$A4,Row_Data!$L:$L,sumifs!D$3) -> 168742.47 | E4: =SUMIFS(Row_Data!$K:$K,Row_Data!$E:$E,sumifs!$A4,Row_Data!$L:$L,sumifs!E$3) -> 90056.12 | F4: =SUMIFS(Row_Data!$K:$K,Row_Data!$E:$E,sumifs!$A4,Row_Data!$L:$L,sumifs!F$3) -> 164295.49 | G4: =SUMIFS(Row_Data!$K:$K,Row_Data!$E:$E,sumifs!$A4,Row_Data!$L:$L,sumifs!G$3) -> 122724.25 | H4: =SUMIFS(Row_Data!$K:$K,Row_Data!$E:$E,sumifs!$A4,Row_Data!$L:$L,sumifs!H$3) -> 50774.75
A5: Office | B5: =SUMIFS(Row_Data!$K:$K,Row_Data!$E:$E,sumifs!$A5,Row_Data!$L:$L,sumifs!B$3) -> 146363.54 | C5: =SUMIFS(Row_Data!$K:$K,Row_Data!$E:$E,sumifs!$A5,Row_Data!$L:$L,sumifs!C$3) -> 192734.02 | D5: =SUMIFS(Row_Data!$K:$K,Row_Data!$E:$E,sumifs!$A5,Row_Data!$L:$L,sumifs!D$3) -> 127569.33 | E5: =SUMIFS(Row_Data!$K:$K,Row_Data!$E:$E,sumifs!$A5,Row_Data!$L:$L,sumifs!E$3) -> 64122.33 | F5: =SUMIFS(Row_Data!$K:$K,Row_Data!$E:$E,sumifs!$A5,Row_Data!$L:$L,sumifs!F$3) -> 146442.51 | G5: =SUMIFS(Row_Data!$K:$K,Row_Data!$E:$E,sumifs!$A5,Row_Data!$L:$L,sumifs!G$3) -> 161513.42 | H5: =SUMIFS(Row_Data!$K:$K,Row_Data!$E:$E,sumifs!$A5,Row_Data!$L:$L,sumifs!H$3) -> 40310.65
A6: Electronics | B6: =SUMIFS(Row_Data!$K:$K,Row_Data!$E:$E,sumifs!$A6,Row_Data!$L:$L,sumifs!B$3) -> 75799.65 | C6: =SUMIFS(Row_Data!$K:$K,Row_Data!$E:$E,sumifs!$A6,Row_Data!$L:$L,sumifs!C$3) -> 195015.09 | D6: =SUMIFS(Row_Data!$K:$K,Row_Data!$E:$E,sumifs!$A6,Row_Data!$L:$L,sumifs!D$3) -> 98814.62 | E6: =SUMIFS(Row_Data!$K:$K,Row_Data!$E:$E,sumifs!$A6,Row_Data!$L:$L,sumifs!E$3) -> 70555.03 | F6: =SUMIFS(Row_Data!$K:$K,Row_Data!$E:$E,sumifs!$A6,Row_Data!$L:$L,sumifs!F$3) -> 144760.49 | G6: =SUMIFS(Row_Data!$K:$K,Row_Data!$E:$E,sumifs!$A6,Row_Data!$L:$L,sumifs!G$3) -> 87419.98 | H6: =SUMIFS(Row_Data!$K:$K,Row_Data!$E:$E,sumifs!$A6,Row_Data!$L:$L,sumifs!H$3) -> 58577.57
A7: 0
A9: {=_xlfn.UNIQUE(Row_Data!I:I)} -> Status | B9: {=TRANSPOSE(_xlfn.UNIQUE(Table1[Month]))} -> Jan 2025 | C9: Feb 2025 | D9: Mar 2025 | E9: Apr 2025 | F9: May 2025 | G9: Jun 2025 | H9: Jul 2025
A10: Cancelled | B10: =SUMIFS(Row_Data!$K:$K,Row_Data!$I:$I,sumifs!$A10,Row_Data!$L:$L,sumifs!B$9) -> 128953.49 | C10: =SUMIFS(Row_Data!$K:$K,Row_Data!$I:$I,sumifs!$A10,Row_Data!$L:$L,sumifs!C$9) -> 132116.69 | D10: =SUMIFS(Row_Data!$K:$K,Row_Data!$I:$I,sumifs!$A10,Row_Data!$L:$L,sumifs!D$9) -> 166649.14 | E10: =SUMIFS(Row_Data!$K:$K,Row_Data!$I:$I,sumifs!$A10,Row_Data!$L:$L,sumifs!E$9) -> 116227.57 | F10: =SUMIFS(Row_Data!$K:$K,Row_Data!$I:$I,sumifs!$A10,Row_Data!$L:$L,sumifs!F$9) -> 136595.44 | G10: =SUMIFS(Row_Data!$K:$K,Row_Data!$I:$I,sumifs!$A10,Row_Data!$L:$L,sumifs!G$9) -> 126518.51 | H10: =SUMIFS(Row_Data!$K:$K,Row_Data!$I:$I,sumifs!$A10,Row_Data!$L:$L,sumifs!H$9) -> 67712.28
A11: Shipped | B11: =SUMIFS(Row_Data!$K:$K,Row_Data!$I:$I,sumifs!$A11,Row_Data!$L:$L,sumifs!B$9) -> 141276.75 | C11: =SUMIFS(Row_Data!$K:$K,Row_Data!$I:$I,sumifs!$A11,Row_Data!$L:$L,sumifs!C$9) -> 216050.96 | D11: =SUMIFS(Row_Data!$K:$K,Row_Data!$I:$I,sumifs!$A11,Row_Data!$L:$L,sumifs!D$9) -> 88606.63 | E11: =SUMIFS(Row_Data!$K:$K,Row_Data!$I:$I,sumifs!$A11,Row_Data!$L:$L,sumifs!E$9) -> 64371.55 | F11: =SUMIFS(Row_Data!$K:$K,Row_Data!$I:$I,sumifs!$A11,Row_Data!$L:$L,sumifs!F$9) -> 198036.63 | G11: =SUMIFS(Row_Data!$K:$K,Row_Data!$I:$I,sumifs!$A11,Row_Data!$L:$L,sumifs!G$9) -> 90506.03 | H11: =SUMIFS(Row_Data!$K:$K,Row_Data!$I:$I,sumifs!$A11,Row_Data!$L:$L,sumifs!H$9) -> 52572.17
A12: Pending | B12: =SUMIFS(Row_Data!$K:$K,Row_Data!$I:$I,sumifs!$A12,Row_Data!$L:$L,sumifs!B$9) -> 113968.86 | C12: =SUMIFS(Row_Data!$K:$K,Row_Data!$I:$I,sumifs!$A12,Row_Data!$L:$L,sumifs!C$9) -> 98266.44 | D12: =SUMIFS(Row_Data!$K:$K,Row_Data!$I:$I,sumifs!$A12,Row_Data!$L:$L,sumifs!D$9) -> 139870.65 | E12: =SUMIFS(Row_Data!$K:$K,Row_Data!$I:$I,sumifs!$A12,Row_Data!$L:$L,sumifs!E$9) -> 44134.36 | F12: =SUMIFS(Row_Data!$K:$K,Row_Data!$I:$I,sumifs!$A12,Row_Data!$L:$L,sumifs!F$9) -> 120866.42 | G12: =SUMIFS(Row_Data!$K:$K,Row_Data!$I:$I,sumifs!$A12,Row_Data!$L:$L,sumifs!G$9) -> 154633.11 | H12: =SUMIFS(Row_Data!$K:$K,Row_Data!$I:$I,sumifs!$A12,Row_Data!$L:$L,sumifs!H$9) -> 29378.52
A13: 0
